section,template_text
Agreement,
Contract,
Parties,
Obligations,
Responsibilities,
Terms,
Conditions,
Effective Date,
Termination,
Renewal,
Confidentiality,
Non-Disclosure,
Indemnification,
Liability,
Warranties,
Dispute Resolution,
Arbitration,
Governing Law,
Jurisdiction,
Notices,
Amendment,
Assignment,
Force Majeure,
Intellectual Property,
Compliance,
Insurance,
Severability,
Entire Agreement,
Waiver,
Default,
Breach,
Damages,
Remedies,
Rights,
Duties,
Costs,
Expenses,
Payment Terms,
Invoices,
Taxes,
Shipping,
Delivery,
Inspection,
Acceptance,
Rejection,
Cancellation,
Modification,
Execution,
Signatures,
Counterparts,
Binding Effect,
Headings,
First Party,
Second Party,
Joint Venture,
State of,
between,
located at,
Formation,
principal office,
place of business,
interest in forming,
establishing a joint venture,
Contributions,
capital contributions,
cash,
property,
additional funds,
Ownership,
own interest,
percentages,
Distribution of Profits,
net profits,
net losses,
distribution,
Management,
manager,
management committee,
duties,
managing day to day,
financial records,
Duties of Parties,
responsibilities,
duties,
responsible for,
No Partnership,
No Exclusivity,
Confidentiality,
Confidential Information,
proprietary information,
Notices,
effective upon receipt,
methods of delivery,
Termination,
termination date,
termination conditions,
terminate,
effective date,
Amendment,
modification,
written agreement,
Governing Law,
jurisdiction,
applicable law,
Disputes,
resolution,
arbitration,
mediation,
Assignment,
rights,
consent,
Miscellaneous,
validity,
entire agreement,
counterparts,
Introduction,
purpose of,
objectives,
Funding,
capital contributions,
funding,
Shares,
ownership interest,
percentages,
Profit Sharing,
net profits,
net losses,
Operations,
daily operations,
financial records,
Responsibilities,
responsible for,
tasks,
Capital Contributions,
Capital Accounts,
Income Accounts,
Profits and Losses,
Management,
Partners' Rights and Obligations,
Authority,
Decision Making,
Financial Matters,
Partners’ Salary and Drawings,
Partnership Bank Accounts,
Books and Records,
Fiscal Year,
Audits,
Dispute Resolution,
Arbitration,
Dissolution and Withdrawal,
Voluntary Dissolution,
Partner’s Withdrawal,
Involuntary Withdrawal,
Partner’s Retirement,
Partner’s Death,
Buyout,
Miscellaneous,
Further Assurances,
Headings,
Agreement Date,
Seller(s),
Buyer(s),
Parties,
Notices,
Governing Law,
Waiver,
Amendments,
Entire Agreement,
Miscellaneous,
Sale of Goods,
Description of Goods,
Quantity,
Price Per Unit,
Other Details,
Financial Terms,
Purchase Price,
Payment Terms,
Late Fee,
Taxes,
Security Interest,
Delivery,
Shipping Cost,
Right of Inspection,
Risk of Loss,
Warranties,
Seller Representations and Warranties,
Force Majeure,
Unforeseen Circumstances,
Liability,
Disputes,
Assignment,
Right to Cancel,
Customer Name,
Customer Address,
Telephone,
Fax,
Email,
Date,
Purchase Order Number,
Account/Customer ID Number,
Vendor Name,
Vendor Address,
Telephone,
Fax,
Shipping Method,
Shipping Terms,
Delivery Date,
Courier,
First class mail,
Priority mail,
UPS,
FedEx,
DHL,
Other,
Description of Goods,
Quantity,
Unit Price,
Total Price,
Subtotal,
Sales Tax,
Shipping Cost,
Other Costs,
Discount,
Total Amount Payable,
Fulfillment Notification,
Invoice Copies,
Delivery Address,
Payment Terms,
Other Instructions,
Employment Agreement,
Effective Date,
Parties,
Agreement,
Employment,
Duties,
Responsibilities,
Performance of Duties,
Term,
Probation Period,
Base Salary,
Overtime,
Additional Compensation,
Reimbursement,
Out-of-pocket expenses,
Entertainment,
Travel,
Meals,
Mobile phone,
Work Location,
Work hours,
Days of the week,
Paid Time Off,
Sick Leave,
Personal Leave,
Other Benefits,
Disability,
Illness,
Incapacity,
Non-Compete,
Compete,
Invest,
Solicit,
Activities,
Confidentiality,
Confidential Information,
Proprietary Information,
Disclosure,
Use,
Ownership,
Work Product,
Intellectual Property,
Termination,
Notice,
Severance,
Return of Property,
Authority to Contract,
Governing Law,
Dispute Resolution,
Entire Agreement,
Amendment,
Notices,
Waiver,
Further Assurances,
Severability,
No Assignment,
Acknowledgment,
Addendum,
Adverse Event,
Affidavit,
Agent,
Amicus Brief,
Ancillary Agreement,
Annex,
Antitrust,
Appellant,
Appellate Court,
Arbitration Agreement,
Assignment of Rights,
Attachment,
Attorney,
Beneficiary,
Bill of Sale,
Binding Arbitration,
Breach of Contract,
Business Day,
Case Law,
Caveat,
Certified Copy,
Change Order,
Claim,
Clause,
Collateral,
Confession of Judgment,
Consortium,
Contingency Fee,
Counterclaim,
Covenant,
Cross-Claim,
Damages Cap,
Defendant,
Deponent,
Deposition,
Disclosure Statement,
Dispositive Motion,
Due Diligence,
Escrow,
Estoppel,
Exculpatory Clause,
Fiduciary Duty,
Force Majeure Clause,
Guarantor,
Hold Harmless Agreement,
Injunction,
Joint and Several Liability,
Judgment,
Jurisdiction Clause,
Lien,
Limitation of Liability,
Litigation,
Mediation,
Merger Clause,
Negligence,
Non-Solicitation Agreement,
Notary Public,
Option Agreement,
Paralegal,
Parol Evidence Rule,
Plaintiff,
Pleading,
Power of Attorney,
Precedent,
Prejudgment Interest,
Principal,
Promissory Note,
Proprietary Rights,
Provisional Remedy,
Ratification,
Rescission,
Restrictive Covenant,
Retainer Agreement,
Secured Party,
Security Agreement,
Settlement Agreement,
Sovereign Immunity,
Statute of Frauds,
Statutory Damages,
Subrogation,
Summary Judgment,
Tort,
Third-Party Beneficiary,
Title,
Unjust Enrichment,
Usury,
Voidable Contract,
Waiver of Subrogation,
Warranty,
Affiliate,
Agreement Term,
Agreement Conditions,
Business Associate,
Business Relationship,
Claim Process,
Contract Renewal,
Counter Offer,
Deed of Sale,
Delivery Timeline,
Dependent,
Due Date,
Effective Immediately,
Electronic Signature,
Endorsement,
Entity,
Execution Date,
Extension Clause,
Fixed Term,
Force Majeure Event,
Governing Principles,
Immediate Effect,
Indemnity Clause,
Intellectual Property Rights,
Joint Agreement,
Legal Representative,
Limited Liability,
Mutual Consent,
Negotiation,
Notice of Termination,
Performance Review,
Provisions,
Renewal Clause,
Representations,
Risk Assessment,
Service Level Agreement,
Statutory Obligations,
Subcontractor,
Supplementary Agreement,
Suspension Clause,
Termination Clause,
Third Party,
Timeframe,
Underwriter,
Verification,
Written Consent,
